{
  "n_stores": 100,
  "window": 14,
  "n_val_rows": 3606,
  "lstm": {
    "MAE": 639.3612670898438,
    "RMSE": 901.345458984375,
    "SMAPE": 9.495221078395844,
    "MAPE": 9.633292257785797
  },
  "xgboost_subset": {
    "MAE": 554.0960083007812,
    "RMSE": 757.2467651367188,
    "SMAPE": 8.283736556768417,
    "MAPE": 8.463132381439209
  }
}