{
  "validation_window_days": 42,
  "n_train": 778511,
  "n_valid": 40282,
  "baseline": {
    "MAE": 1597.344889954393,
    "RMSE": 2323.3967492086604,
    "SMAPE": 23.781163815814963,
    "MAPE": 22.04279808232894
  },
  "xgboost": {
    "MAE": 579.0505350426466,
    "RMSE": 840.641659120235,
    "SMAPE": 8.50269885344048,
    "MAPE": 8.741312085650767
  }
}